url,total_clicks,unique_clicks,digest_num,publisher
https://foreignpolicy.com/2019/06/12/britain-failed-hong-kong/,82,72,6,foreignpolicy.com
https://foreignpolicy.com/2019/06/12/britain-failed-hong-kong/,82,72,6,foreignpolicy.com
https://www.nytimes.com/2019/06/13/world/asia/hong-kong-telegram-protests.html,18,18,6,nytimes.com
https://www.nytimes.com/2019/06/13/world/asia/hong-kong-telegram-protests.html,18,18,6,nytimes.com
https://foreignpolicy.com/2019/06/12/hong-kongers-wont-bow-to-beijing-but-their-leaders-will/,12,11,6,foreignpolicy.com
https://foreignpolicy.com/2019/06/12/hong-kongers-wont-bow-to-beijing-but-their-leaders-will/,12,11,6,foreignpolicy.com
https://qz.com/1635504/everything-you-need-to-know-about-hong-kongs-extradition-law/,10,10,6,qz.com
https://qz.com/1635504/everything-you-need-to-know-about-hong-kongs-extradition-law/,10,10,6,qz.com
https://www.bloomberg.com/news/articles/2019-06-13/how-encrypted-messages-car-crashes-helped-hong-kong-protesters,10,10,6,bloomberg.com
https://www.bloomberg.com/news/articles/2019-06-13/how-encrypted-messages-car-crashes-helped-hong-kong-protesters,10,10,6,bloomberg.com
https://www.nytimes.com/2019/06/12/world/asia/hong-kong-protests-carrie-lam-xi-jinping.html,8,8,6,nytimes.com
https://www.nytimes.com/2019/06/12/world/asia/hong-kong-protests-carrie-lam-xi-jinping.html,8,8,6,nytimes.com
https://www.economist.com/leaders/2019/06/13/the-rule-of-law-in-hong-kong,5,5,6,economist.com
https://www.economist.com/leaders/2019/06/13/the-rule-of-law-in-hong-kong,5,5,6,economist.com
https://www.nytimes.com/2019/06/13/opinion/hong-kong-protests-trump.html,5,5,6,nytimes.com
https://www.nytimes.com/2019/06/13/opinion/hong-kong-protests-trump.html,5,5,6,nytimes.com
https://www.scmp.com/comment/opinion/article/3014144/extradition-row-erodes-confidence-hong-kong-singapore-looking,5,5,6,scmp.com
https://www.scmp.com/comment/opinion/article/3014144/extradition-row-erodes-confidence-hong-kong-singapore-looking,5,5,6,scmp.com
https://www.bloomberg.com/opinion/articles/2019-06-12/hong-kong-protests-are-related-to-trump-s-trade-war,4,4,6,bloomberg.com
https://www.bloomberg.com/opinion/articles/2019-06-12/hong-kong-protests-are-related-to-trump-s-trade-war,4,4,6,bloomberg.com
https://www.scmp.com/comment/opinion/article/3013351/carrie-lam-may-win-battle-pass-hong-kongs-extradition-law-what-cost,4,4,6,scmp.com
https://www.scmp.com/comment/opinion/article/3013351/carrie-lam-may-win-battle-pass-hong-kongs-extradition-law-what-cost,4,4,6,scmp.com
https://foreignpolicy.com/2019/06/10/hong-kongs-last-stand-extradition-trump-mexico-iran/,3,3,6,foreignpolicy.com
https://foreignpolicy.com/2019/06/10/hong-kongs-last-stand-extradition-trump-mexico-iran/,3,3,6,foreignpolicy.com
https://foreignpolicy.com/2019/06/13/what-happens-now-in-hong-kong-protests-trump-saudi-arabia-iran-shinzo-abe/,3,3,6,foreignpolicy.com
https://foreignpolicy.com/2019/06/13/what-happens-now-in-hong-kong-protests-trump-saudi-arabia-iran-shinzo-abe/,3,3,6,foreignpolicy.com
https://www.straitstimes.com/asia/key-differences-between-hong-kong-street-protests-of-2014-and-now,3,3,6,straitstimes.com
https://www.straitstimes.com/asia/key-differences-between-hong-kong-street-protests-of-2014-and-now,3,3,6,straitstimes.com
https://www.washingtonpost.com/opinions/2019/06/13/hong-kongs-protests-are-about-more-than-democracy/,3,3,6,ashingtonpost.com
https://www.washingtonpost.com/opinions/2019/06/13/hong-kongs-protests-are-about-more-than-democracy/,3,3,6,ashingtonpost.com
https://www.washingtonpost.com/world/2019/06/13/how-hong-kong-protests-play-into-trumps-showdown-with-china/,3,3,6,ashingtonpost.com
https://www.washingtonpost.com/world/2019/06/13/how-hong-kong-protests-play-into-trumps-showdown-with-china/,3,3,6,ashingtonpost.com
https://www.afr.com/opinion/editorials/freedom-is-not-dying-quietly-as-hong-kong-marches-20190610-p51w46,2,2,6,afr.com
https://www.afr.com/opinion/editorials/freedom-is-not-dying-quietly-as-hong-kong-marches-20190610-p51w46,2,2,6,afr.com
https://www.economist.com/china/2019/06/12/why-hong-kongs-protesters-are-braving-tear-gas-and-rubber-bullets,2,2,6,economist.com
https://www.economist.com/china/2019/06/12/why-hong-kongs-protesters-are-braving-tear-gas-and-rubber-bullets,2,2,6,economist.com
https://www.straitstimes.com/asia/east-asia/it-started-with-a-teenagers-gruesome-murder-in-taiwan,2,2,6,straitstimes.com
https://www.straitstimes.com/asia/east-asia/it-started-with-a-teenagers-gruesome-murder-in-taiwan,2,2,6,straitstimes.com
https://www.theglobeandmail.com/world/us-politics/article-what-is-hong-kongs-extradition-battle-about-a-visual-guide-to/,2,2,6,theglobeandmail.com
https://www.theglobeandmail.com/world/us-politics/article-what-is-hong-kongs-extradition-battle-about-a-visual-guide-to/,2,2,6,theglobeandmail.com
http://www.theguardian.com/commentisfree/2019/jun/11/the-guardian-view-on-hong-kongs-extradition-protests-an-essential-stand,1,1,6,theguardian.com
http://www.theguardian.com/commentisfree/2019/jun/11/the-guardian-view-on-hong-kongs-extradition-protests-an-essential-stand,1,1,6,theguardian.com
https://www.afr.com/news/world/asia/hong-kong-gets-angry-as-beijing-tightens-its-grip-20190613-p51xjh,1,1,6,afr.com
https://www.afr.com/news/world/asia/hong-kong-gets-angry-as-beijing-tightens-its-grip-20190613-p51xjh,1,1,6,afr.com
https://www.bloomberg.com/news/articles/2019-06-11/the-extradition-law-that-s-got-hong-kong-protesting-quicktake,1,1,6,bloomberg.com
https://www.bloomberg.com/news/articles/2019-06-11/the-extradition-law-that-s-got-hong-kong-protesting-quicktake,1,1,6,bloomberg.com
https://www.bloomberg.com/news/articles/2019-06-12/hong-kong-risks-occupy-2-0-as-tear-gas-envelops-heart-of-city,1,1,6,bloomberg.com
https://www.bloomberg.com/news/articles/2019-06-12/hong-kong-risks-occupy-2-0-as-tear-gas-envelops-heart-of-city,1,1,6,bloomberg.com
https://www.bloomberg.com/view/quicktake/hong-kongs-autonomy,1,1,6,bloomberg.com
https://www.bloomberg.com/view/quicktake/hong-kongs-autonomy,1,1,6,bloomberg.com
https://www.nytimes.com/2019/06/10/opinion/hong-kong-extradition-protest-china.html,1,1,6,nytimes.com
https://www.nytimes.com/2019/06/10/opinion/hong-kong-extradition-protest-china.html,1,1,6,nytimes.com
https://www.nytimes.com/2019/06/10/opinion/hong-kong-protests.html,1,1,6,nytimes.com
https://www.nytimes.com/2019/06/10/opinion/hong-kong-protests.html,1,1,6,nytimes.com
https://www.nytimes.com/2019/06/13/world/asia/hong-kong-xi-jinping-china.html,1,1,6,nytimes.com
https://www.nytimes.com/2019/06/13/world/asia/hong-kong-xi-jinping-china.html,1,1,6,nytimes.com
https://www.scmp.com/news/hong-kong/politics/article/3014432/officers-used-excessive-force-contain-hong-kong-extradition,1,1,6,scmp.com
https://www.scmp.com/news/hong-kong/politics/article/3014432/officers-used-excessive-force-contain-hong-kong-extradition,1,1,6,scmp.com
https://www.theatlantic.com/international/archive/2019/06/hong-kong-protests-solidarity-tiananmen/591508/,1,1,6,theatlantic.com
https://www.theatlantic.com/international/archive/2019/06/hong-kong-protests-solidarity-tiananmen/591508/,1,1,6,theatlantic.com
https://www.washingtonpost.com/opinions/global-opinions/people-in-hong-kong-want-their-freedom-beijing-is-about-to-say-tough-luck/2019/06/10/41aff5da-8b9f-11e9-8f69-a2795fca3343_story.html,1,1,6,ashingtonpost.com
https://www.washingtonpost.com/opinions/global-opinions/people-in-hong-kong-want-their-freedom-beijing-is-about-to-say-tough-luck/2019/06/10/41aff5da-8b9f-11e9-8f69-a2795fca3343_story.html,1,1,6,ashingtonpost.com
https://www.washingtonpost.com/politics/2019/06/11/why-are-there-massive-protests-hong-kong/,1,1,6,ashingtonpost.com
https://www.washingtonpost.com/politics/2019/06/11/why-are-there-massive-protests-hong-kong/,1,1,6,ashingtonpost.com
http://www.theguardian.com/commentisfree/2019/jun/13/lawyer-protesting-law-hong-kong-extradition-bill-china,0,0,6,theguardian.com
http://www.theguardian.com/commentisfree/2019/jun/13/lawyer-protesting-law-hong-kong-extradition-bill-china,0,0,6,theguardian.com
http://www.theguardian.com/world/2019/jun/11/hong-kong-extradition-law-protesters-rally-outside-government-offices,0,0,6,theguardian.com
http://www.theguardian.com/world/2019/jun/11/hong-kong-extradition-law-protesters-rally-outside-government-offices,0,0,6,theguardian.com
http://www.theguardian.com/world/2019/jun/13/hong-kong-protests-extradition-carrie-lam-riot-police,0,0,6,theguardian.com
http://www.theguardian.com/world/2019/jun/13/hong-kong-protests-extradition-carrie-lam-riot-police,0,0,6,theguardian.com
http://www.theguardian.com/world/2019/jun/14/hong-kongs-digital-battle-technology-that-helped-protesters-now-used-against-them,0,0,6,theguardian.com
http://www.theguardian.com/world/2019/jun/14/hong-kongs-digital-battle-technology-that-helped-protesters-now-used-against-them,0,0,6,theguardian.com
https://www.bloomberg.com/opinion/articles/2019-06-12/hong-kong-protests-show-the-limits-of-economic-freedom,0,0,6,bloomberg.com
https://www.bloomberg.com/opinion/articles/2019-06-12/hong-kong-protests-show-the-limits-of-economic-freedom,0,0,6,bloomberg.com
https://www.economist.com/china/2019/06/12/they-chose-to-come-and-fight-for-the-freedom-of-hong-kong,0,0,6,economist.com
https://www.economist.com/china/2019/06/12/they-chose-to-come-and-fight-for-the-freedom-of-hong-kong,0,0,6,economist.com
https://www.forbes.com/sites/kenrapoza/2019/06/10/hong-kong-risks-becoming-a-new-variable-in-china-trade-war/,0,0,6,forbes.com
https://www.forbes.com/sites/kenrapoza/2019/06/10/hong-kong-risks-becoming-a-new-variable-in-china-trade-war/,0,0,6,forbes.com
https://www.independent.co.uk/voices/hong-kong-protests-extradition-china-police-china-a8957811.html,0,0,6,independent.co.uk
https://www.independent.co.uk/voices/hong-kong-protests-extradition-china-police-china-a8957811.html,0,0,6,independent.co.uk
https://www.irishtimes.com/opinion/hong-kong-uk-must-tell-un-china-reneging-on-obligations-1.3924963,0,0,6,irishtimes.com
https://www.irishtimes.com/opinion/hong-kong-uk-must-tell-un-china-reneging-on-obligations-1.3924963,0,0,6,irishtimes.com
https://www.newstatesman.com/world/asia/2019/06/why-british-government-must-speak-people-hong-kong,0,0,6,newstatesman.com
https://www.newstatesman.com/world/asia/2019/06/why-british-government-must-speak-people-hong-kong,0,0,6,newstatesman.com
https://www.nytimes.com/2014/10/02/business/protesters-are-targets-of-scrutiny-through-their-phones.html,0,0,6,nytimes.com
https://www.nytimes.com/2014/10/02/business/protesters-are-targets-of-scrutiny-through-their-phones.html,0,0,6,nytimes.com
https://www.nytimes.com/2019/06/13/world/asia/hong-kong-extradition-bill-protests-police.html,0,0,6,nytimes.com
https://www.nytimes.com/2019/06/13/world/asia/hong-kong-extradition-bill-protests-police.html,0,0,6,nytimes.com
https://www.scmp.com/business/companies/article/3014478/hong-kongs-controversial-extradition-bill-will-damage-citys,0,0,6,scmp.com
https://www.scmp.com/business/companies/article/3014478/hong-kongs-controversial-extradition-bill-will-damage-citys,0,0,6,scmp.com
https://www.scmp.com/news/hong-kong/politics/article/3014260/hong-kongs-young-protesters-have-learned-lessons-past-they,0,0,6,scmp.com
https://www.scmp.com/news/hong-kong/politics/article/3014260/hong-kongs-young-protesters-have-learned-lessons-past-they,0,0,6,scmp.com
https://www.theglobeandmail.com/world/article-hong-kong-presses-ahead-with-extradition-bill-despite-protests/,0,0,6,theglobeandmail.com
https://www.theglobeandmail.com/world/article-hong-kong-presses-ahead-with-extradition-bill-despite-protests/,0,0,6,theglobeandmail.com
https://www.theglobeandmail.com/world/article-in-hong-kong-thousands-spend-night-on-streets-as-legislators-prepare/,0,0,6,theglobeandmail.com
https://www.theglobeandmail.com/world/article-in-hong-kong-thousands-spend-night-on-streets-as-legislators-prepare/,0,0,6,theglobeandmail.com
https://www.washingtonpost.com/opinions/2019/06/07/hong-kongs-extradition-law-threatens-our-democratic-spirit-its-also-awakening-it/,0,0,6,ashingtonpost.com
https://www.washingtonpost.com/opinions/2019/06/07/hong-kongs-extradition-law-threatens-our-democratic-spirit-its-also-awakening-it/,0,0,6,ashingtonpost.com
https://www.washingtonpost.com/world/2019/06/12/china-cant-smash-hong-kongs-spirit/,0,0,6,ashingtonpost.com
https://www.washingtonpost.com/world/2019/06/12/china-cant-smash-hong-kongs-spirit/,0,0,6,ashingtonpost.com
https://cointelegraph.com/news/what-is-libra-breaking-down-facebooks-new-digital-currency,86,72,7,cointelegraph.com
https://www.nytimes.com/2019/06/19/opinion/facebook-currency-libra.html,54,44,7,nytimes.com
https://seekingalpha.com/article/4271247-facebooks-libra-vs-bitcoin-5-key-differences,32,25,7,seekingalpha.com
https://www.bloomberg.com/news/articles/2019-01-27/love-crypto-but-not-its-volatility-meet-stablecoins-quicktake,28,25,7,bloomberg.com
https://qz.com/1642172/jack-dorsey-on-bitcoin-facebooks-crypto-and-the-end-of-cash/,17,13,7,qz.com
https://www.nytimes.com/2019/06/20/opinion/facebook-libra-cryptocurrency.html,15,13,7,nytimes.com
https://qz.com/africa/1646901/what-facebook-libra-currency-means-for-africa/,12,10,7,qz.com
https://www.wired.com/story/ambitious-plan-behind-facebooks-cryptocurrency-libra/,11,8,7,ired.com
https://www.ft.com/content/500bd3ce-936f-11e9-b7ea-60e35ef678d2,10,9,7,ft.com
https://www.theverge.com/2019/6/18/18682838/facebook-digital-wallet-calibra-libra-cryptocurrency-kevin-weil-david-marcus-interview,10,8,7,theverge.com
http://nymag.com/intelligencer/2019/06/what-is-libra-facebooks-new-cryptocurrency.html,10,6,7,nymag.com
http://www.theguardian.com/technology/2019/jun/20/facebook-libra-cryptocurrency-astrology-prediction,9,9,7,theguardian.com
https://www.coindesk.com/examining-facebooks-claim-its-crypto-is-for-the-unbanked,9,8,7,coindesk.com
https://www.economist.com/leaders/2019/06/22/facebook-wants-to-create-a-global-currency,8,5,7,economist.com
https://www.washingtonpost.com/opinions/2019/06/20/facebook-must-like-trouble-because-its-new-cryptocurrency-just-means-more-it/,7,6,7,ashingtonpost.com
https://www.cjr.org/the_media_today/facebook-cryptocurrency.php,7,5,7,cjr.org
https://www.forbes.com/sites/enriquedans/2019/06/20/libra-an-interesting-idea-if-only-facebook-werent-involved/,6,5,7,forbes.com
https://www.forbes.com/sites/kenrapoza/2019/06/20/facebooks-libra-coin-is-both-vampire-project-and-regulatory-nightmare/,6,5,7,forbes.com
https://www.ft.com/content/374a1af0-9101-11e9-aea1-2b1d33ac3271,5,5,7,ft.com
https://www.businessinsider.com/facebook-cryptocurrency-brings-it-closer-to-becoming-virtual-nation-2019-6,5,4,7,businessinsider.com
https://seekingalpha.com/article/4271325-facebook-folly-facebook-launching-libra-2020,4,3,7,seekingalpha.com
https://www.afr.com/business/banking-and-finance/facebook-takes-crypto-mainstream-20190620-p51znq,4,3,7,afr.com
https://www.forbes.com/sites/rhockett/2019/06/20/facebooks-proposed-crypto-currency-more-pisces-than-libra-for-now/,3,2,7,forbes.com
https://www.wired.com/story/lawmakers-express-privacy-concerns-facebooks-libra/,1,1,7,ired.com
https://www.cnet.com/news/facebook-unveils-its-libra-cryptocurrency-as-politicians-raise-eyebrows/,0,0,7,cnet.com
https://www.businessinsider.com/kamala-harris-joe-biden-why-thats-so-bad-for-him-2019-6,49,46,8,businessinsider.com
https://theintercept.com/2019/06/27/elizabeth-warren-profile/,49,38,8,theintercept.com
http://nymag.com/intelligencer/2019/06/democratic-primary-debate-winners-losers-ranked-warren-orourke-castro.html,35,30,8,nymag.com
https://www.vox.com/2019/6/26/18760593/who-won-the-democratic-debate,17,15,8,vox.com
https://www.vox.com/policy-and-politics/2019/6/28/18906744/democratic-debate-2019-miami-who-won,15,15,8,vox.com
http://nymag.com/intelligencer/2019/06/democratic-debate-beto-booker-warren.html,13,11,8,nymag.com
https://www.theatlantic.com/ideas/archive/2019/06/joe-biden-vs-kamala-harris-bussing-and-race-issues/592912/,12,11,8,theatlantic.com
https://www.nytimes.com/2019/06/27/us/politics/kamala-harris-biden-debate.html,11,11,8,nytimes.com
https://www.hollywoodreporter.com/news/critics-notebook-democratic-death-march-begins-1221350,10,10,8,hollywoodreporter.com
https://www.vox.com/2019/6/26/18760656/democratic-debate-elizabeth-warren-won,9,8,8,vox.com
https://www.nytimes.com/2019/06/27/us/politics/who-won-debate.html,8,6,8,nytimes.com
https://www.haaretz.com/world-news/wires/1.7418971,6,6,8,haaretz.com
https://www.washingtonpost.com/lifestyle/style/marianne-williamson-wont-make-you-feel-better-about-america-but-youll-feel-better-about-yourself/2019/06/26/26174e10-9372-11e9-aadb-74e6b2b46f6a_story.html,6,6,8,ashingtonpost.com
https://www.newyorker.com/news/our-columnists/at-the-democratic-debate-elizabeth-warrens-reformism-versus-trumps-moral-crisis,4,4,8,newyorker.com
https://www.thedailybeast.com/inside-the-alternate-universe-of-2020s-first-spin-room,4,4,8,thedailybeast.com
https://www.nytimes.com/2019/06/27/us/politics/debate-democrats-recap.html,3,3,8,nytimes.com
https://www.washingtonpost.com/politics/paloma/the-trailer/2019/06/27/the-trailer-assessing-10-candidates-on-last-night-s-stage-and-one-who-wasn-t/5d14139ea7a0a47d87c56eeb/,3,3,8,ashingtonpost.com
https://www.hollywoodreporter.com/news/critics-notebook-kamala-harris-prosecutes-joe-biden-democratic-debate-1221655,2,2,8,hollywoodreporter.com
https://www.realclearpolitics.com/articles/2019/06/27/warren_and_progressivism_own_the_debates_first_night_140660.html,2,2,8,realclearpolitics.com
https://www.thedailybeast.com/mitch-mcconnell-looms-over-first-democratic-debate,2,2,8,thedailybeast.com
https://www.washingtonpost.com/politics/it-was-not-a-good-night-reviews-of-orourkes-debate-performance-show-perils-of-his-candidacy/2019/06/27/b5799414-98f9-11e9-830a-21b9b36b64ad_story.html,2,2,8,ashingtonpost.com
https://www.salon.com/2019/06/27/first-democratic-debate-elizabeth-warren-persists-but-julian-castro-is-the-star/,1,1,8,salon.com
https://www.theatlantic.com/ideas/archive/2019/06/first-democratic-debate-ignored-donald-trump/592699/,1,1,8,theatlantic.com
https://www.theglobeandmail.com/world/article-few-fireworks-little-focus-on-trump-in-first-debate-as-democrats-show/,1,1,8,theglobeandmail.com
https://www.washingtonpost.com/politics/lesser-known-candidates-claw-for-the-spotlight-in-democratic-debate/2019/06/27/b469b6ae-9844-11e9-8d0a-5edd7e2025b1_story.html,0,0,8,ashingtonpost.com
https://www.economist.com/united-states/2019/07/09/donald-trump-risks-undoing-decades-of-nuclear-arms-control,53,44,10,economist.com
https://foreignpolicy.com/2019/07/12/how-europe-can-save-whats-left-of-the-iran-nuclear-deal/,32,29,10,foreignpolicy.com
https://www.nytimes.com/2019/07/08/world/europe/iran-trump.html,15,14,10,nytimes.com
https://www.politico.eu/article/donald-trump-wants-to-talk-iran-isnt-interested-nuclear-deal/,14,13,10,politico.eu
https://www.thehindu.com/opinion/op-ed/talking-sanctions-endangering-peace/article28287389.ece,11,10,10,thehindu.com
https://www.jpost.com/Middle-East/Irans-nuclear-enrichment-game-Analysis-594968,10,9,10,jpost.com
https://www.theguardian.com/commentisfree/2019/jul/07/iran-bullying-trump-negotiations,10,8,10,theguardian.com
https://www.haaretz.com/middle-east-news/iran/iran-still-has-room-to-maneuver-but-trump-is-running-out-of-diplomatic-options-1.7454304,6,2,10,haaretz.com
https://www.bourseandbazaar.com/articles/2019/7/9/trump-administration-may-use-patriot-act-to-target-iran-humanitarian-trade,5,5,10,bourseandbazaar.com
https://www.theatlantic.com/politics/archive/2019/07/congressional-iran-hawks-push-kill-deal/593539/,5,5,10,theatlantic.com
https://www.nytimes.com/2019/07/04/world/middleeast/iran-us-zarif-nuclear-deal.html,4,4,10,nytimes.com
https://www.thehindu.com/news/international/why-has-iran-breached-the-limit-set-in-2015-on-its-enriched-uranium-stockpile/article28306251.ece,4,4,10,thehindu.com
http://www.middleeasteye.net/news/us-pushing-military-coalition-patrol-waters-gulf-region-top-general,4,2,10,middleeasteye.net
https://www.economist.com/middle-east-and-africa/2019/07/11/a-british-warship-stops-iran-seizing-an-oil-tanker,3,3,10,economist.com
http://www.tehrantimes.com/news/437952/Trump-s-zigzags-on-Iran-threaten-U-S-alliance-structure-Australian,2,2,10,tehrantimes.com
https://www.dawn.com/news/1492036,2,2,10,dawn.com
https://www.jpost.com/Opinion/Iran-breaks-its-nuclear-word-what-follows-595390,2,2,10,jpost.com
https://www.nytimes.com/2019/07/04/world/middleeast/iran-zarif-interview.html,2,2,10,nytimes.com
https://en.mehrnews.com/news/147409/Why-force-Iran-to-go-nuclear-when-there-s-a-peaceful-option,1,1,10,en.mehrnews.com
https://www.bloomberg.com/view/quicktake/irans-uranium-enrichment,1,1,10,bloomberg.com
https://www.wsj.com/articles/squeezed-by-u-s-sanctions-iran-shifts-from-patience-to-confrontation-11562270731,1,1,10,sj.com
https://beta.theglobeandmail.com/world/article-iran-passes-uranium-enrichment-cap-set-in-2015-nuclear-deal-official/,0,0,10,beta.theglobeandmail.com
https://www.bbc.com/news/world-middle-east-48900432,0,0,10,bbc.com
https://www.nytimes.com/2019/07/08/opinion/iran-trump.html,0,0,10,nytimes.com
https://www.wsj.com/articles/three-iranian-vessels-tried-to-block-u-k-ship-from-passing-through-strait-of-hormuz-11562822874,0,0,10,sj.com
https://www.washingtonexaminer.com/news/special-relationship-will-boris-make-britain-great-again,72,55,11,ashingtonexaminer.com
http://theconversation.com/what-machiavelli-can-teach-us-about-boris-johnson-and-jeremy-hunt-120441,42,39,11,theconversation.com
https://www.newstatesman.com/politics/uk/2019/07/what-wrong-us,26,23,11,newstatesman.com
https://www.gq-magazine.co.uk/article/carrie-symonds-boris-johnson,25,22,11,gq-magazine.co.uk
https://qz.com/1667327/why-boris-johnson-will-become-the-next-uk-prime-minister/,24,17,11,qz.com
http://www.theguardian.com/politics/2019/jul/15/laughter-lies-boris-johnson-journey-journalist-mp,21,17,11,theguardian.com
https://www.nytimes.com/2019/07/17/books/boris-johnson-72-virgins.html,18,17,11,nytimes.com
https://www.irishtimes.com/culture/books/boris-johnson-and-his-72-virgins-novel-what-we-can-learn-from-his-terrible-novel-1.3960456,12,11,11,irishtimes.com
https://www.independent.ie/opinion/columnists/ian-odoherty/ian-odoherty-as-the-tories-lose-their-grip-on-reality-the-sinking-brexit-ship-threatens-to-take-us-all-down-with-it-38250541.html,11,9,11,independent.ie
https://www.ft.com/content/96e1c0e4-a23b-11e9-a282-2df48f366f7d,10,8,11,ft.com
http://www.theguardian.com/politics/2019/jul/15/oxford-union-president-boris-johnson-neil-sherlock,8,8,11,theguardian.com
https://www.ft.com/content/ae03a4c6-a72d-11e9-984c-fac8325aaa04,8,6,11,ft.com
http://www.theguardian.com/politics/2019/jul/16/total-chaos-boris-johnson-london-mayor,7,7,11,theguardian.com
https://www.politico.eu/article/tory-leadership-love-in-creates-more-warmth-than-light/,7,5,11,politico.eu
https://www.yorkshirepost.co.uk/news/opinion/columnists/why-boris-johnson-has-just-100-days-to-prove-himself-over-brexit-gp-taylor-1-9881075,5,5,11,yorkshirepost.co.uk
https://www.afr.com/news/world/europe/pm-boris-trumpism-with-british-characteristics-20190719-p528nk,4,4,11,afr.com
https://www.scotsman.com/news/opinion/columnists/here-s-how-you-can-say-no-to-boris-yes-to-europe-stephen-gethins-1-4964928,4,4,11,scotsman.com
http://www.theguardian.com/commentisfree/2019/jul/12/britain-prime-minister-jeremy-hunt-boris-johnson-tory-members-brexit,3,3,11,theguardian.com
https://www.independent.co.uk/voices/boris-johnson-brexit-deadline-whitehall-optimism-debate-hunt-a8998556.html,3,3,11,independent.co.uk
https://www.nytimes.com/2019/07/12/world/europe/conservative-leadership-race.html,3,3,11,nytimes.com
https://www.thetimes.co.uk/article/the-strange-case-of-boris-may-t0fgjkjlm,3,3,11,thetimes.co.uk
https://www.theweek.co.uk/brexit/102290/boris-johnson-and-jeremy-hunt-s-plans-for-immigration-after-brexit,3,3,11,theweek.co.uk
https://www.yorkshirepost.co.uk/news/opinion/columnists/left-wing-parties-must-join-forces-to-fight-likely-prospect-of-boris-johnson-nigel-farage-electoral-pact-david-blunkett-1-9874880,2,1,11,yorkshirepost.co.uk
https://www.newstatesman.com/politics/uk/2019/07/johnson-train-leaving-station-and-tory-mps-have-decided-it-s-better-be-it-under,0,0,11,newstatesman.com
https://www.telegraph.co.uk/news/2019/07/17/boris-johnson-lines-hardline-eurosceptic-daniel-moylan-lead/,0,0,11,telegraph.co.uk
https://www.forbes.com/sites/thomasbrewster/2019/07/24/meet-the-face-behind-faceapp-rich-russian-yaroslav-goncharov/,68,64,12,forbes.com
https://www.theringer.com/tech/2019/7/18/20699513/face-app-phishing-old-picture-meme-privacy,33,27,12,theringer.com
https://www.nytimes.com/2019/07/24/style/faceapp-privacy-scare.html,18,18,12,nytimes.com
https://www.wired.com/story/faceapp-privacy-backlash-facebook/,7,7,12,ired.com
https://www.bloomberg.com/news/articles/2019-07-19/faceapp-is-it-safe-just-consider-how-much-more-google-knows,7,4,12,bloomberg.com
https://www.vox.com/the-goods/2019/7/17/20698271/faceapp-privacy-panic-russia-old-face-filter-app,6,6,12,vox.com
https://www.forbes.com/sites/megangorman/2019/07/18/what-the-faceapp-trend-can-teach-you-about-saving-for-retirement/,6,4,12,forbes.com
https://www.nytimes.com/2019/07/18/opinion/faceapp-privacy.html,6,4,12,nytimes.com
https://www.techradar.com/news/is-faceapp-safe-a-deeper-look-at-the-viral-hit,5,5,12,techradar.com
https://www.theatlantic.com/ideas/archive/2019/07/faceapp-reveals-huge-holes-todays-privacy-laws/594358/,5,5,12,theatlantic.com
https://www.theatlantic.com/technology/archive/2019/07/faceapp-mess/594361/,5,5,12,theatlantic.com
http://theconversation.com/faceapps-fine-print-means-you-effectively-cant-sue-them-unless-you-send-a-letter-to-their-russian-office-within-30-days-120658,4,4,12,theconversation.com
https://www.washingtonpost.com/opinions/2019/07/18/what-faceapp-freak-out-really-tells-us/,4,4,12,ashingtonpost.com
http://nymag.com/intelligencer/2019/07/faceapp-theories-worry-democratic-politicians.html,3,3,12,nymag.com
https://www.nytimes.com/2019/07/19/opinion/faceapp-privacy-russian.html,3,3,12,nytimes.com
https://www.forbes.com/sites/kalevleetaru/2019/07/19/academias-facial-recognition-datasets-illustrate-the-globalization-of-todays-data/,3,2,12,forbes.com
https://www.businessinsider.com/faceapp-privacy-data-terms-service-russia-2019-7,2,2,12,businessinsider.com
https://www.forbes.com/sites/thomasbrewster/2019/07/17/faceapp-is-the-russian-face-aging-app-a-danger-to-your-privacy/,2,2,12,forbes.com
https://www.nytimes.com/2019/07/20/opinion/sunday/faceapp-aging-old.html,2,2,12,nytimes.com
https://www.cnet.com/news/faceapp-privacy-concerns/,1,1,12,cnet.com
https://www.slashgear.com/faceapp-privacy-we-still-recommend-you-delete-19584645/,1,1,12,slashgear.com
https://www.wsj.com/articles/as-faceapp-goes-viral-so-do-concerns-about-privacy-russia-ties-11563485572?mod=searchresults&page=1&pos=1,1,1,12,sj.com
https://techcrunch.com/2019/07/17/faceapp-gets-federal-attention-as-sen-schumer-raises-alarm-on-data-use/,0,0,12,techcrunch.com
https://www.stuff.co.nz/technology/apps/114321126/the-fact-and-fiction-of-faceapp,0,0,12,stuff.co.nz
https://www.thedailybeast.com/is-faceapp-sending-my-photos-to-russia,0,0,12,thedailybeast.com
https://www.wsj.com/articles/a-princes-500-billion-desert-dream-flying-cars-robot-dinosaurs-and-a-giant-artificial-moon-11564097568,52,42,13,sj.com
https://www.nytimes.com/2019/07/16/opinion/smart-cities.html,37,29,13,nytimes.com
https://www.brookings.edu/research/artificial-intelligence-in-americas-digital-city/,32,27,13,brookings.edu
https://www.bangkokpost.com/life/social-and-lifestyle/1716647/are-e-scooters-the-future-for-commuters-,24,20,13,bangkokpost.com
https://www.ft.com/content/f4779de6-b1e0-11e9-bec9-fdcab53d6959,19,19,13,ft.com
https://www.computerweekly.com/feature/A-tale-of-two-smart-cities-Manchester-and-Australias-Casey,14,14,13,computerweekly.com
https://www.axios.com/amazon-echo-alexa-ring-smart-home-surveillance-15323060-972f-46e5-8aa0-b3506249a7b0.html,14,13,13,axios.com
https://gcn.com/articles/2019/07/22/realistic-smart-cities.aspx,13,13,13,gcn.com
http://theconversation.com/i-visualised-how-algorithms-see-urban-environments-and-build-detailed-profiles-of-citizens-119789,13,11,13,theconversation.com
https://www.thehindu.com/news/cities/Visakhapatnam/why-smart-pavements-fail-to-woo-citizens/article28664634.ece,12,11,13,thehindu.com
https://www.bloomberg.com/news/articles/2019-07-25/singapore-is-spending-big-to-future-proof-its-slowing-economy,9,8,13,bloomberg.com
https://www.washingtonpost.com/transportation/2019/07/20/city-planners-eye-self-driving-vehicles-correct-mistakes-th-century-auto/,9,8,13,ashingtonpost.com
http://theconversation.com/sidewalk-torontos-master-plan-raises-urgent-concerns-about-data-and-privacy-121025,9,6,13,theconversation.com
https://www.computerweekly.com/news/252467255/Smart-technology-will-transform-Dutch-neighbourhood,8,7,13,computerweekly.com
https://techxplore.com/news/2019-07-homes-future-hyper-connected-pods-habitat.html,7,7,13,techxplore.com
https://gcn.com/articles/2019/08/01/iot-edge-networks.aspx,6,6,13,gcn.com
https://theodi.org/article/smart-cities-are-decades-away-but-open-cities-are-in-reach/,5,5,13,theodi.org
https://www.forbes.com/sites/seletareynolds/2019/07/18/why-the-open-mobility-foundation/,5,4,13,forbes.com
https://gcn.com/articles/2019/07/16/mayors-tech-resolutions.aspx,3,3,13,gcn.com
https://techcrunch.com/2019/07/21/cities-must-plan-ahead-for-innovation-without-leaving-people-behind/,3,3,13,techcrunch.com
https://www.forbes.com/sites/natalieparletta/2019/07/15/how-a-whole-city-plans-to-close-the-loop-on-waste/,3,3,13,forbes.com
https://www.sundayguardianlive.com/lifestyle/smart-mobility-viable-future-cities,2,2,13,sundayguardianlive.com
http://theconversation.com/time-to-reset-waterfront-torontos-smart-city-public-consultations-120636,1,1,13,theconversation.com
https://www.bangkokpost.com/business/1722547/smart-solutions-serve-as-a-cornerstone-for-the-future-of-transport,1,1,13,bangkokpost.com
https://www.bangkokpost.com/business/1721771/smart-city-scheme-tempts-20-candidates,0,0,13,bangkokpost.com
https://www.motherjones.com/media/2019/08/this-shithole-made-me-4-very-online-writers-on-how-the-internet-broke-our-brains-and-how-we-can-unbreak-them/?utm_source=feedburner&utm_medium=feed&utm_campaign=Feed%3A+motherjones%2Fmain+%28MotherJones.com+Main+Article+Feed%29,88,72,14,motherjones.com
https://www.irishtimes.com/news/consumer/so-called-influencers-how-much-influence-do-they-actually-have-1.3966158,85,76,14,irishtimes.com
https://www.theatlantic.com/technology/archive/2019/07/famous-birthdays-wikipedia-gen-z/594682/,46,42,14,theatlantic.com
https://www.vox.com/2019/7/29/8930147/peppa-pig-lgbtq-icon-my-first-album-meme-explained,41,36,14,vox.com
https://www.theverge.com/interface/2019/8/7/20757855/tiktok-growth-monetization-influencers-regulation,30,28,14,theverge.com
https://www.forbes.com/sites/gracechung/2019/07/09/south-koreas-richest-2019-self-made-billionaire-behind-jellyfish-and-snail-masks-sees-profits-surge-3000/,19,18,14,forbes.com
https://www.theatlantic.com/technology/archive/2019/07/tiktok-stars-are-preparing-take-over-internet/593878/,13,12,14,theatlantic.com
https://medium.com/@JKatzaman/shopping-for-influencers-buyer-beware-632ad1b6b2fe,10,10,14,medium.com
http://www.theguardian.com/global/2019/jul/14/when-will-i-be-famous-oscar-the-whippets-bid-for-instagram-fame,10,7,14,theguardian.com
https://www.cbsnews.com/news/influencer-marketing-fraud-costs-companies-1-3-billion/,9,8,14,cbsnews.com
https://economictimes.indiatimes.com/jobs/how-influencing-became-a-career/articleshow/70417436.cms,7,7,14,economictimes.indiatimes.com
https://mailchi.mp/7c00ee41e157/6gqqtrwavw,7,7,14,mailchi.mp
https://venturebeat.com/2019/07/19/social-media-vanity-metrics-and-the-push-for-quality-over-quantity/,7,7,14,venturebeat.com
https://www.forbes.com/sites/forbesbostoncouncil/2019/08/05/internal-marketing-what-it-means-and-why-its-important/,7,5,14,forbes.com
https://datadrivenperspectives.com/using-instagram-to-seize-the-means-of-production-96c4f0667464,6,6,14,datadrivenperspectives.com
https://www.newstatesman.com/science-tech/social-media/2019/07/renovation-porn-how-housing-crisis-driving-new-boom-influencer,6,6,14,newstatesman.com
https://www.adweek.com/brand-marketing/3-things-brands-should-consider-ahead-of-every-influencer-partnership/,5,3,14,adweek.com
https://www.financialexpress.com/industry/how-marketers-are-tapping-influencers-on-tiktok/1651713/,4,4,14,financialexpress.com
https://www.wsj.com/articles/should-instagram-get-rid-of-likes-11564071289,4,3,14,sj.com
https://www.aspistrategist.org.au/the-clocks-ticking-for-regulators-on-tiktok/?utm_campaign=The%20Interface&utm_medium=email&utm_source=Revue%20newsletter,3,3,14,aspistrategist.org.au
https://www.zdnet.com/article/tiktok-scrambles-to-save-india-campaign-in-wake-of-accusations-of-hosting-pornographers-and-sexual-predators/,3,2,14,zdnet.com
https://qz.com/quartzy/1666740/seed-launches-a-university-for-instagram-influencers/,2,2,14,qz.com
https://techcrunch.com/2019/07/22/what-vidcon-means-for-the-future-of-social-media-platforms/,2,2,14,techcrunch.com
https://www.ft.com/content/3510eaf0-a3af-11e9-974c-ad1c6ab5efd1,2,2,14,ft.com
https://economictimes.indiatimes.com/small-biz/marketing-branding/marketing/on-tiktok-everyones-up-for-a-challenge/articleshow/70459209.cms,1,1,14,economictimes.indiatimes.com
https://economictimes.indiatimes.com/tech/internet/influencers-score-as-brands-step-up-social-media-play/articleshow/70506845.cms,1,1,14,economictimes.indiatimes.com
https://www.wired.com/story/tesla-surveillance-detection-scout/,52,48,15,ired.com
https://www.theverge.com/2019/8/9/20791454/trump-obama-autonomous-self-driving-car-group-apple-zipcar-uber-lyft,50,45,15,theverge.com
https://enterpriseiotinsights.com/20190813/channels/fundamentals/seven-ways-to-hack-a-fleet-of-connected-cars,17,15,15,enterpriseiotinsights.com
http://www.theguardian.com/technology/2019/aug/04/uber-ride-share-lyft-ipo-earnings,14,14,15,theguardian.com
https://www.thedrive.com/tech/29338/what-are-the-regulatory-barriers-to-full-self-driving,14,14,15,thedrive.com
https://www.nytimes.com/2019/08/01/business/self-driving-cars-jaywalking.html,14,12,15,nytimes.com
https://www.forbes.com/sites/lanceeliot/2019/08/13/the-moral-imperative-of-self-driving-cars/,13,12,15,forbes.com
https://www.forbes.com/sites/mohanbirsawhney/2019/08/07/the-myth-of-substitution-and-the-mirage-of-driverless-cars/,12,11,15,forbes.com
https://www.stuff.co.nz/motoring/114775150/does-the-future-of-autonomous-cars-start-in-retirement-villages,9,9,15,stuff.co.nz
https://www.theverge.com/2019/8/6/20755163/new-york-city-self-driving-shuttle-service,9,9,15,theverge.com
https://futurism.com/nyc-self-driving-shuttle,8,8,15,futurism.com
https://www.deseretnews.com/article/900083457/uber-driverless-stock-auto-lyft.html,8,8,15,deseretnews.com
https://www.japantimes.co.jp/news/2019/08/01/business/tech/parts-makers-actually-reinventing-wheel-keep-shift-autonomous-cars/,7,7,15,japantimes.co.jp
https://www.zdnet.com/article/calls-for-legislative-change-to-limit-citizen-vehicle-data-collection-and-use-in-australia/,7,4,15,zdnet.com
https://hackaday.com/2019/08/01/automate-the-freight-when-the-freight-is-people/,6,6,15,hackaday.com
https://www.businesschief.com/technology/8268/Is-Ford%27s-acquisition-of-robotics-startup-Quantum-Signal-a-sign-of-things-to-come,6,3,15,businesschief.com
https://www.ft.com/content/72bf3046-bca0-11e9-b350-db00d509634e,5,5,15,ft.com
https://www.techradar.com/news/5g-reveals-the-road-to-self-driving-vehicles,4,3,15,techradar.com
https://fortune.com/2019/08/05/term-sheet-monday-august-5/,3,3,15,fortune.com
https://techcrunch.com/2019/08/08/voxel51-raises-2-million-for-its-video-native-identification-of-people-cars-and-more/,3,3,15,techcrunch.com
https://www.businessinsider.com/cruise-is-focused-on-marketing-will-boost-robo-taxi-service-2019-8,3,3,15,businessinsider.com
https://www.pymnts.com/news/retail/2019/self-driving-vehicles-and-all-their-retail-benefits-hit-speed-bumps/,3,3,15,pymnts.com
https://mailchi.mp/7c00ee41e157/6gqqtrwavw,2,2,15,mailchi.mp
https://techxplore.com/news/2019-08-older-drivers-react-road-hazards.html,2,2,15,techxplore.com
https://www.stuff.co.nz/motoring/114923217/tesla-has-a-huge-incentive-to-deploy-selfdriving-tech-but-is-the-world-ready,2,2,15,stuff.co.nz
https://www.washingtonpost.com/technology/2019/08/07/federal-safety-regulators-scolded-elon-musk-over-misleading-statements-tesla-safety/,1,1,15,ashingtonpost.com
https://www.theatlantic.com/ideas/archive/2019/08/trump-defects-autocrats/596518/,43,41,16,theatlantic.com
http://www.theguardian.com/commentisfree/2019/aug/21/britain-italy-politically-bankrupt-salvini-boris-johnson,31,28,16,theguardian.com
https://www.bloomberg.com/news/articles/2019-08-22/seeking-soul-mates-for-trump-in-biarritz,31,28,16,bloomberg.com
https://www.spiegel.de/international/germany/inside-the-breakdown-of-ties-between-germany-and-the-u-s-a-1282295.html,23,21,16,spiegel.de
https://www.politico.eu/article/macrons-masterplan-for-trump-the-universe-and-everything/,20,17,16,politico.eu
https://www.bloomberg.com/graphics/2019-europe-us-reliance/,16,13,16,bloomberg.com
https://www.bloomberg.com/news/articles/2019-08-21/g7-summit-boris-johnson-needs-something-from-everyone,13,11,16,bloomberg.com
https://time.com/5658666/boris-johnson-g7-summit-2019/,11,11,16,time.com
https://www.independent.co.uk/voices/iran-nuclear-deal-g7-summit-biarritz-trump-gibraltar-a9071221.html,9,9,16,independent.co.uk
https://insidestory.org.au/brexitannia-on-edge/,9,8,16,insidestory.org.au
https://www.washingtonpost.com/world/2019/08/22/why-russias-relationship-with-g-collapsed/,9,8,16,ashingtonpost.com
https://edition.cnn.com/2019/08/23/politics/donald-trump-diplomacy-g7-summit-economy/index.html,7,6,16,edition.cnn.com
https://www.bloomberg.com/news/articles/2019-08-22/multilateralism-is-dead-long-live-the-g-7,5,5,16,bloomberg.com
https://www.bloomberg.com/news/features/2019-08-20/g7-summit-trump-is-coming-for-europe-s-most-important-alliance,5,5,16,bloomberg.com
https://www.ft.com/content/66cc66b6-c45f-11e9-a8e9-296ca66511c9,5,5,16,ft.com
https://www.irishtimes.com/news/world/europe/johnson-welcomes-blistering-30-day-brexit-talks-target-at-merkel-meeting-1.3992795,5,4,16,irishtimes.com
https://www.npr.org/2019/08/21/753027363/trump-says-russia-should-be-allowed-into-g-7-moscow-wants-talks-to-continue,4,3,16,npr.org
https://www.japantimes.co.jp/news/2019/08/22/world/trumps-snub-denmark-greenland-shows-disregard-model-u-s-ally/#.XV-3gegzaUk,3,3,16,japantimes.co.jp
https://www.scmp.com/news/world/europe/article/3023610/g7-club-braces-donald-trump-and-big-time-debut-britains-trump,3,3,16,scmp.com
https://mailchi.mp/7c00ee41e157/6gqqtrwavw,2,2,16,mailchi.mp
https://www.reuters.com/article/us-g7-summit-preview/g7-or-g5-trump-and-johnson-add-unpredictability-to-french-summit-idUSKCN1VB16H,2,2,16,reuters.com
https://www.axios.com/trump-russia-should-rejoin-the-g-7-to-become-g-8-1df54258-0278-49a6-81ac-2e87a71092ad.html,1,1,16,axios.com
https://www.ft.com/content/37837c52-c345-11e9-ae6e-a26d1d0455f4,1,1,16,ft.com
https://www.independent.ie/business/brexit/merkel-vows-to-keep-backstop-in-headtohead-with-johnson-38422284.html,1,1,16,independent.ie
https://gulfnews.com/opinion/op-eds/how-johnson-can-stamp-his-mark-on-g7-1.65944234,0,0,16,gulfnews.com
https://www.thehindu.com/news/international/donald-trump-says-he-will-discuss-kashmir-with-narendra-modi-at-g7-summit/article29186695.ece,0,0,16,thehindu.com
http://www.theguardian.com/technology/2019/aug/04/facial-recognition-supermarket-facewatch-ai-artificial-intelligence-civil-liberties,76,67,17,theguardian.com
https://www.wsj.com/articles/are-you-ready-for-facial-recognition-at-the-airport-11565775008,24,19,17,sj.com
https://codastory.com/authoritarian-tech/western-academia-china-automated-racism/,23,23,17,codastory.com
https://www.washingtonpost.com/business/2019/07/31/emotion-detection-ai-is-billion-industry-new-research-says-it-cant-do-what-it-claims/,17,15,17,ashingtonpost.com
https://reason.com/2019/08/20/privacy-friendly-fashion-for-a-surveillance-state-age/,14,9,17,reason.com
https://www.cnet.com/news/drones-and-facial-recognition-could-help-keep-cows-healthy/,12,11,17,cnet.com
https://www.bbc.com/news/technology-49489154,10,10,17,bbc.com
https://www.forbes.com/sites/julianvigo/2019/08/13/surveillance-technology-and-cultural-notions-of-privacy/,10,8,17,forbes.com
https://www.forbes.com/sites/jamesayles/2019/08/21/wimbledon-embraces-innovation-to-change-the-game/,8,8,17,forbes.com
https://www.wired.com/story/amazon-detect-fear-face-you-scared/,7,6,17,ired.com
https://eu.detroitnews.com/story/news/local/detroit-city/2019/07/31/detroit-cops-drop-real-time-provision-facial-recognition-policy/1882278001/,6,6,17,eu.detroitnews.com
https://fortune.com/2019/08/13/state-task-forces-artificial-intelligence/,6,5,17,fortune.com
https://www.straitstimes.com/asia/australianz/aussie-varsities-under-scrutiny-over-research-with-china-entities,6,5,17,straitstimes.com
https://medium.com/advancing-justice-aajc/facial-recognition-technology-the-need-for-robust-civil-rights-protections-790f26d5a1b9,5,5,17,medium.com
https://www.prospectmagazine.co.uk/science-and-technology/facial-recognition-technology-police-uk-race-gender-london-stations,5,5,17,prospectmagazine.co.uk
https://onezero.medium.com/california-police-are-sharing-facial-recognition-databases-to-id-suspects-3317726d31ad,4,4,17,onezero.medium.com
https://www.bloomberg.com/view/articles/2019-08-02/3-d-sensors-are-the-bright-spot-in-the-smartphone-industry,4,4,17,bloomberg.com
https://www.theguardian.com/us-news/2019/aug/16/its-techno-racism-detroit-is-quietly-using-facial-recognition-to-make-arrests,4,4,17,theguardian.com
https://economictimes.indiatimes.com/news/economy/policy/view-data-protection-law-must-guard-against-internal-and-foreign-threats-to-citizen-privacy/articleshow/70445027.cms,4,3,17,economictimes.indiatimes.com
https://www.huffpost.com/entry/facial-recognition-privacy-racism_n_5d4d9aa1e4b0fd2733efe98c,4,3,17,huffpost.com
https://phys.org/news/2019-08-facial-recognition-technique-hail.html,3,3,17,phys.org
https://www.bangkokpost.com/business/1721271/biometrics-a-double-edged-sword,3,3,17,bangkokpost.com
https://mailchi.mp/7c00ee41e157/6gqqtrwavw,2,2,17,mailchi.mp
https://www.forbes.com/sites/kalevleetaru/2019/07/31/do-facial-recognition-laws-matter-in-a-globalized-world/,2,2,17,forbes.com
https://gcn.com/articles/2019/08/16/facial-recognition-cities-concern.aspx,1,1,17,gcn.com
https://techxplore.com/news/2019-08-amazon-analysis-tech.html,1,1,17,techxplore.com
https://thehill.com/opinion/healthcare/459499-ebola-in-the-drc-one-year-2000-deaths-and-counting,19,18,18,thehill.com
http://www.nature.com/articles/d41586-019-02415-9,15,12,18,nature.com
http://theconversation.com/how-outbreaks-like-ebola-extract-huge-social-and-economic-costs-121832,13,13,18,theconversation.com
https://www.newyorker.com/science/elements/is-ebola-evolving-into-a-more-deadly-virus,9,8,18,newyorker.com
https://time.com/5650907/ebola-drugs-drc/,8,8,18,time.com
https://www.bloomberg.com/news/articles/2019-08-14/ebola-bond-pays-investors-millions-while-congo-battles-outbreak,6,6,18,bloomberg.com
https://www.bloomberg.com/news/articles/2019-06-12/why-latest-ebola-outbreak-raises-alarms-far-and-wide-quicktake,5,5,18,bloomberg.com
https://www.japantimes.co.jp/opinion/2019/09/04/commentary/japan-commentary/stop-deadly-outbreaks-diseases-like-ebola-occur/,5,5,18,japantimes.co.jp
https://slate.com/news-and-politics/2019/08/ebola-congo-emergency-poverty.html,4,4,18,slate.com
https://www.nytimes.com/2019/08/08/books/review/richard-preston-crisis-in-the-red-zone.html,4,4,18,nytimes.com
https://www.aljazeera.com/indepth/inpictures/people-fighting-spread-ebola-drc-190819065038868.html,2,2,18,aljazeera.com
https://www.japantimes.co.jp/opinion/2019/08/10/editorials/ebola-continues-rage-africa/,2,2,18,japantimes.co.jp
https://www.newtimes.co.rw/africa/chinas-medical-teams-help-resurrect-public-health-africa,2,2,18,newtimes.co.r
https://www.theeastafrican.co.ke/scienceandhealth/Ebola-alters-life-for-dr-congo-rwanda-border-residents/3073694-5247330-u8soie/index.html,2,2,18,theeastafrican.co.ke
https://www.wired.com/story/ebola-is-now-curable-heres-how-the-new-treatments-work/,2,2,18,ired.com
http://theconversation.com/tshisekedi-has-taken-over-the-drcs-ebola-response-how-he-can-make-a-difference-121595,1,1,18,theconversation.com
http://theconversation.com/why-the-drc-ebola-outbreak-was-declared-a-global-emergency-and-why-it-matters-121991,1,1,18,theconversation.com
https://scienmag.com/community-based-wildlife-carcass-surveillance-is-key-for-early-detection-of-ebola-virus/,1,1,18,scienmag.com
https://www.newtimes.co.rw/news/what-you-need-know-about-new-ebola-drugs,1,1,18,newtimes.co.r
https://www.reuters.com/article/us-health-ebola-congo-idUSKCN1UW12O,1,1,18,reuters.com
https://www.telegraph.co.uk/global-health/science-and-disease/misinformation-driving-drcs-ebola-outbreak/,1,1,18,telegraph.co.uk
https://www.voanews.com/africa/uganda-us-senators-call-ebola-action-praise-refugee-resettlement-efforts,1,1,18,voanews.com
http://theconversation.com/how-to-manage-in-a-crisis-lessons-from-the-west-africa-ebola-outbreak-121590,0,0,18,theconversation.com
http://theconversation.com/the-uganda-vaccine-trial-how-african-researchers-are-tackling-ebola-121517,0,0,18,theconversation.com
https://mailchi.mp/7c00ee41e157/6gqqtrwavw,0,0,18,mailchi.mp
https://thehill.com/policy/healthcare/459401-congos-ebola-outbreak-marks-grim-milestone-as-death-toll-surpasses-2000,0,0,18,thehill.com
https://www.politico.eu/article/us-vaping-illness-death-toll-rises-fear-reversals-anti-smoking-campaigns/,71,62,19,politico.eu
http://www.theguardian.com/society/2019/sep/08/vaping-debate-rages-in-australia-as-critics-accuse-government-of-smokescreenback-in-australian-spotlight-but-critics-say-a-smokescreen-surrounds-its-dangers,33,32,19,theguardian.com
https://reason.com/2019/09/11/michael-bloombergs-anti-vaping-crusade-is-objectively-pro-tobacco/,13,12,19,reason.com
https://www.washingtonexaminer.com/policy/healthcare/rise-of-deadly-mysterious-lung-illness-bolsters-calls-for-banning-or-strictly-regulating-e-cigarettes,13,11,19,ashingtonexaminer.com
https://www.washingtonpost.com/health/2019/09/05/contaminant-found-vaping-products-linked-deadly-lung-illnesses-state-federal-labs-show/,11,11,19,ashingtonpost.com
https://qz.com/1705408/is-it-safe-to-vape/,8,6,19,qz.com
https://www.cnet.com/news/a-timeline-of-recent-juul-and-vaping-health-controversies-update/,7,7,19,cnet.com
https://www.huffpost.com/entry/everything-we-know-about-vaping-dangers_n_5d6ff0dee4b011080458e37e,7,6,19,huffpost.com
https://www.washingtonpost.com/technology/2019/09/04/how-two-stanford-grads-aimed-big-tech-glory-got-big-tobacco-instead/,6,6,19,ashingtonpost.com
https://fortune.com/2019/09/12/vaping-public-health-challenge/,5,5,19,fortune.com
https://mailchi.mp/7c00ee41e157/6gqqtrwavw,5,3,19,mailchi.mp
https://www.marketbeat.com/articles/e-cigarette-maker-juul-facing-mounting-scrutiny-by-state-ags-2019-08-30/,4,4,19,marketbeat.com
https://www.vox.com/2019/9/12/20862168/vaping-lung-illness-fda-flavors,4,4,19,vox.com
https://www.washingtonpost.com/technology/2019/09/12/watched-by-millions-vape-influencers-worry-they-will-become-collateral-damage-trumps-new-ban/,4,4,19,ashingtonpost.com
https://www.salon.com/2019/09/08/as-teen-vaping-reaches-epidemic-proportions-experts-worry-over-future-social-costs/,3,3,19,salon.com
https://www.washingtonpost.com/health/2019/09/06/lung-illness-tied-vaping-has-killed-third-person-may-be-new-worrisome-disease-officials-say/,3,3,19,ashingtonpost.com
https://www.rollingstone.com/culture/culture-features/vaping-honey-cut-mystery-thickener-vitamin-e-acetate-vapes-881896/,3,2,19,rollingstone.com
https://phys.org/news/2019-09-haze-smoke-free-tobacco-products.html,2,2,19,phys.org
https://www.ft.com/content/05bd6640-d4ea-11e9-8367-807ebd53ab77,2,2,19,ft.com
https://www.lamag.com/citythinkblog/is-vaping-safe-vape-lung-illness/,2,2,19,lamag.com
https://www.rollingstone.com/culture/culture-news/michigan-bans-flavored-ecigarettes-879922/,2,2,19,rollingstone.com
https://observer.com/2019/09/with-dangerous-vapes-and-killer-pills-why-is-the-surgeon-general-worried-about-weed/,1,1,19,observer.com
https://www.bloomberg.com/news/articles/2019-09-11/trump-to-hold-meeting-on-vaping-after-reports-of-u-s-illness,1,1,19,bloomberg.com
https://www.rollingstone.com/culture/culture-news/weed-vaping-crisis-andrew-cuomo-new-york-medical-marijuana-882715/,1,1,19,rollingstone.com
https://www.straitstimes.com/world/united-states/michigan-to-become-first-state-to-ban-flavoured-e-cigarettes,1,1,19,straitstimes.com
https://www.nytimes.com/2019/09/05/opinion/michigan-vape-ban.html,0,0,19,nytimes.com
https://www.csis.org/analysis/attack-saudi-arabia,73,65,20,csis.org
https://www.marketbeat.com/articles/trump-us-locked-and-loaded-for-response-to-attack-on-saudis-2019-09-15/,30,26,20,marketbeat.com
https://www.washingtonpost.com/world/2019/09/17/billions-spent-us-weapons-didnt-protect-saudi-arabias-most-critical-oil-sites-crippling-attack/,22,20,20,ashingtonpost.com
https://foreignpolicy.com/2019/09/18/the-real-reason-trump-wont-attack-iran-saudi/,20,19,20,foreignpolicy.com
https://nationalinterest.org/feature/middle-east-mystery-theater-who-attacked-saudi-arabias-oil-supply-81036,9,8,20,nationalinterest.org
https://www.washingtonpost.com/world/2019/09/20/standoff-with-iran-trump-is-reaping-what-he-sowed/,8,7,20,ashingtonpost.com
https://www.thedrive.com/the-war-zone/29864/everything-you-need-to-know-about-the-attacks-on-saudi-arabias-oil-facilities,7,7,20,thedrive.com
https://blogs.wsj.com/moneybeat/2019/09/16/saudi-arabia-races-to-restore-output-energy-journal/,5,5,20,blogs.wsj.com
https://mailchi.mp/7c00ee41e157/6gqqtrwavw,4,4,20,mailchi.mp
https://www.bloomberg.com/news/articles/2019-09-19/how-iran-is-holding-the-world-s-economy-hostage,4,4,20,bloomberg.com
https://www.washingtonpost.com/world/2019/09/16/an-attack-saudi-oil-empire-clouds-trumps-possible-iran-meeting/,4,4,20,ashingtonpost.com
https://www.economist.com/middle-east-and-africa/2019/09/19/a-strike-on-saudi-arabia-moves-a-shadowy-conflict-closer-to-open-war,3,3,20,economist.com
http://www.middleeasteye.net/news/exclusive-iranian-drones-launched-iraq-carried-out-attacks-saudi-oil-plants,2,2,20,middleeasteye.net
https://www.cnbc.com/2019/09/14/reuters-america-update-12-attacks-on-saudi-oil-facilities-knock-out-half-the-kingdoms-supply.html,2,2,20,cnbc.com
https://www.rte.ie/brainstorm/2019/0918/1076675-the-road-to-a-possible-war-between-the-us-and-iran/,2,2,20,rte.ie
http://www.middleeasteye.net/news/trump-says-us-locked-and-loaded-potential-response-saudi-oil-attack,1,1,20,middleeasteye.net
http://www.theguardian.com/world/2019/sep/18/saudi-oil-attack-rouhani-dismisses-us-claims-of-iran-role-as-slander,1,1,20,theguardian.com
https://investingnews.com/daily/resource-investing/energy-investing/oil-investing/middle-eastern-oil-needs-more-risk-priced-in/,1,1,20,investingnews.com
https://nationalinterest.org/blog/paul-pillar/trump-must-embrace-diplomacy-iran-81016,1,1,20,nationalinterest.org
https://www.aljazeera.com/news/2019/09/saudi-oil-strikes-gulf-powder-keg-detonate-190916203611565.html,1,1,20,aljazeera.com
https://www.marketbeat.com/articles/oil-plant-attacks-show-aramcos-entanglement-with-saudi-govt-2019-09-15/,1,1,20,marketbeat.com
https://www.nation.co.ke/news/world/Trump-condemns-drone-attacks-Saudi-Aramco/1068-5273624-xq45r3/index.html,1,1,20,nation.co.ke
https://www.reuters.com/article/us-saudi-aramco-idUSKBN1W2184,1,1,20,reuters.com
https://www.telegraph.co.uk/politics/2019/09/16/western-capitals-need-come-coherent-strategy-keep-iran-control/,1,1,20,telegraph.co.uk
https://www.theglobeandmail.com/world/article-irans-supreme-leader-rules-out-talks-with-us-as-tensions-rise-in/,1,1,20,theglobeandmail.com
https://www.theweek.co.uk/103365/what-will-trump-s-substantially-increased-sanctions-on-iran-achieve,1,1,20,theweek.co.uk
https://www.manchestereveningnews.co.uk/news/greater-manchester-news/how-perfect-storm-21st-century-16966592,156,142,21,manchestereveningnews.co.uk
https://thepointsguy.com/news/flight-prices-thomas-cook-airlines/,45,42,21,thepointsguy.com
https://www.newstatesman.com/politics/economy/2019/09/fall-thomas-cook-reflects-our-waning-love-affair-package-holidays,24,17,21,newstatesman.com
http://www.theguardian.com/business/2019/sep/23/squadrons-start-flying-150000-thomas-cook-customers-back-to-uk,14,14,21,theguardian.com
https://www.forbes.com/sites/michaelgoldstein/2019/09/24/did-the-internet-kill-thomas-cook-/,13,11,21,forbes.com
https://www.ft.com/content/644571a0-de1b-11e9-b112-9624ec9edc59,12,11,21,ft.com
https://time.com/5683934/thomas-cook-travel-collapse/,10,10,21,time.com
https://www.ft.com/content/dd402b2c-dd9e-11e9-9743-db5a370481bc,10,9,21,ft.com
https://www.thedrum.com/news/2019/09/23/thomas-cook-brand-doomed-fail,8,8,21,thedrum.com
https://skift.com/2019/09/23/fallout-from-thomas-cooks-demise-will-reach-far-and-wide-in-travel/,8,7,21,skift.com
https://skift.com/2019/09/23/asia-reels-from-thomas-cooks-collapse-as-travel-businesses-sort-through-the-confusion/,6,6,21,skift.com
https://www.nytimes.com/2019/09/24/business/thomas-cook-airlines-bankruptcy.html,6,5,21,nytimes.com
https://skift.com/2019/09/26/is-tour-operator-cox-kings-the-next-to-fall/,5,4,21,skift.com
https://www.bloomberg.com/news/articles/2019-09-25/thomas-cook-s-collapse-sends-tremors-from-crete-to-canaries,4,4,21,bloomberg.com
https://www.reuters.com/article/us-thomas-cook-grp-investment/british-travel-firm-thomas-cook-collapses-idUSKBN1W801E,4,3,21,reuters.com
http://www.theguardian.com/business/2019/sep/21/thomas-cook-holiday-nightmare-big-debts-bad-luck-brink,3,3,21,theguardian.com
https://www.washingtonpost.com/nation/2019/09/23/thomas-cook-collapse-passengers-stranded-employees-unemployed/,3,2,21,ashingtonpost.com
https://mailchi.mp/7c00ee41e157/6gqqtrwavw,2,2,21,mailchi.mp
https://www.bbc.com/news/business-49789073,2,2,21,bbc.com
https://www.shropshirestar.com/news/uk-news/2019/09/23/honeymooners-devastated-after-maldives-trip-with-thomas-cook-cancelled/,2,2,21,shropshirestar.com
https://www.bbc.com/news/business-49796827,1,1,21,bbc.com
https://www.birminghammail.co.uk/news/midlands-news/sutton-coldfield-travel-agent-offers-16979135,1,1,21,birminghammail.co.uk
https://www.birminghammail.co.uk/news/midlands-news/thomas-cook-flight-disaster-trio-16965442,1,1,21,birminghammail.co.uk
https://www.ft.com/content/a43857fc-dd2e-11e9-b112-9624ec9edc59,1,1,21,ft.com
https://www.marketbeat.com/articles/vacations-upended-jobs-lost-as-uks-thomas-cook-collapses-2019-09-23/,1,1,21,marketbeat.com
https://www.belfasttelegraph.co.uk/news/northern-ireland/6000-northern-ireland-travellers-waiting-to-fly-home-as-thomas-cook-folds-38527603.html,0,0,21,belfasttelegraph.co.uk
https://www.politico.eu/article/donald-trump-was-mike-pompeo-ticket-to-power-then-he-got-burned-by-ukraine/,88,80,22,politico.eu
https://www.washingtonpost.com/world/national-security/the-gas-tycoon-and-the-vice-presidents-son-the-story-of-hunter-bidens-foray-in-ukraine/2019/09/28/1aadff70-dfd9-11e9-8fd3-d943b4ed57e0_story.html,33,29,22,ashingtonpost.com
https://www.theatlantic.com/politics/archive/2019/10/clinton-impeachment-white-house/599104/,31,24,22,theatlantic.com
https://www.nytimes.com/2019/10/01/magazine/rachel-maddow-trump.html,30,28,22,nytimes.com
https://www.vox.com/policy-and-politics/2019/9/26/20885174/trump-ukraine-transcript-whistleblower-complaint,20,20,22,vox.com
https://www.washingtonpost.com/politics/joe-biden-faces-the-trump-fusillade-are-he-and-his-campaign-up-to-it/2019/09/28/3c30dfaa-e164-11e9-8dc8-498eabc129a0_story.html,9,8,22,ashingtonpost.com
https://fivethirtyeight.com/features/how-could-impeachment-affect-the-democratic-primary/,8,8,22,fivethirtyeight.com
https://foreignpolicy.com/2019/10/02/the-tyrannical-mr-trump-authoritarian-impeachment-constitutional-crisis/,6,6,22,foreignpolicy.com
https://www.theatlantic.com/education/archive/2019/10/how-time-kids-covers-impeachment/599167/,5,5,22,theatlantic.com
https://www.washingtonpost.com/opinions/2019/10/02/trump-has-placed-himself-above-law-his-latest-eruption-confirms-it/,5,5,22,ashingtonpost.com
https://www.businessinsider.com/rudy-giuliani-trump-ukraine-whistleblower-scandal-2019-9,4,4,22,businessinsider.com
https://www.theatlantic.com/ideas/archive/2019/10/trump-wants-raise-cost-holding-him-account/599278/,4,4,22,theatlantic.com
https://mailchi.mp/7c00ee41e157/6gqqtrwavw,3,3,22,mailchi.mp
https://www.newyorker.com/news/dispatch/a-ukrainian-push-for-a-white-house-visit-gave-trump-leverage-over-volodymyr-zelensky,3,3,22,newyorker.com
https://www.politico.eu/article/us-speaker-of-the-house-nancy-pelosi-long-road-to-impeachment-president-donald-trump/,3,3,22,politico.eu
https://www.thedailybeast.com/mike-pompeo-grapples-for-ways-to-outlast-hurricane-rudy,3,3,22,thedailybeast.com
https://thehill.com/homenews/house/463111-centrist-democrats-fret-over-impeachment-gamble,2,2,22,thehill.com
https://www.cjr.org/public_editor/ukraine-whistleblower-msnbc-cnn-washington-post.php,2,2,22,cjr.org
https://www.npr.org/2019/10/03/766490646/diplomat-kurt-volker-caught-up-in-whirlwind-of-impeachment-inquiry,2,2,22,npr.org
https://www.nytimes.com/2019/09/28/us/politics/how-a-shadow-foreign-policy-in-ukraine-prompted-impeachment-inquiry.html,2,2,22,nytimes.com
https://www.washingtonpost.com/national-security/justice-dept-rejected-investigation-of-trump-phone-call-just-weeks-after-it-began-examining-the-matter/2019/09/25/6f7977ce-dfb5-11e9-8dc8-498eabc129a0_story.html,2,2,22,ashingtonpost.com
https://www.washingtonpost.com/politics/pelosi-turns-to-schiff-to-lead-house-democrats-impeachment-inquiry-of-trump/2019/09/28/ed6c4608-e149-11e9-8dc8-498eabc129a0_story.html,2,2,22,ashingtonpost.com
http://www.theguardian.com/us-news/2019/sep/27/donald-trump-impeachment-inquiry-democrats-investigation,1,1,22,theguardian.com
https://www.nytimes.com/2019/10/03/us/politics/trump-ukraine.html,1,1,22,nytimes.com
https://www.washingtonpost.com/world/national-security/in-gambit-for-trump-giuliani-engaged-parade-of-ukrainian-prosecutors/2019/09/26/4d3dc72e-e072-11e9-8fd3-d943b4ed57e0_story.html,1,1,22,ashingtonpost.com
https://www.wsj.com/articles/pompeo-took-part-in-ukraine-call-official-says-11569865002?tesla=y,1,1,22,sj.com
https://indypendent.org/2019/10/fleeing-violence-in-their-homeland-syrians-now-find-themselves-hounded-in-turkey/,47,41,23,indypendent.org
https://www.evrensel.net/daily/388604/a-real-secure-region-can-be-established-through-peace-not-war?a=af891,26,23,23,evrensel.net
https://www.washingtonexaminer.com/policy/defense-national-security/stung-by-criticism-hes-stabbing-kurds-in-the-back-trump-tries-to-change-green-light-to-yellow-on-turkish-assault,22,19,23,ashingtonexaminer.com
https://www.asiatimes.com/2018/12/article/us-abandonment-of-kurds-sends-bad-message-to-east-asia/,20,19,23,asiatimes.com
https://www.vox.com/2019/10/7/20902699/trump-syria-turkey-erdogan-invasion-kurds,20,16,23,vox.com
"https://www.benningtonbanner.com/stories/galbraith-trump-decision-can-lead-to-chaos-in-syria,586958",18,18,23,benningtonbanner.com
https://www.motherjones.com/politics/2019/10/syria-kurds/,15,15,23,motherjones.com
https://www.dailysabah.com/war-on-terror/2019/10/10/operation-peace-spring-launched-to-eliminate-terror-threats-in-syria,14,10,23,dailysabah.com
https://www.theatlantic.com/politics/archive/2019/10/trumps-confusing-syria-policy/599629/,13,10,23,theatlantic.com
https://www.coindesk.com/sharia-goldbugs-how-isis-created-a-currency-for-world-domination,13,9,23,coindesk.com
https://www.washingtonpost.com/politics/trumps-syria-decision-tests-the-bounds-of-republican-support-as-he-demands-solidarity-on-impeachment/2019/10/09/b5f0c8b0-eaaa-11e9-85c0-85a098e47b37_story.html,10,8,23,ashingtonpost.com
https://edition.cnn.com/2019/10/09/politics/turkey-syria-us-anger-ramifications/index.html,8,7,23,edition.cnn.com
https://foreignpolicy.com/2019/10/10/kurds-syrian-democratic-forces-us-donald-trump/,7,7,23,foreignpolicy.com
https://euobserver.com/opinion/146188,6,6,23,euobserver.com
https://www.dailysignal.com/2019/10/09/what-you-need-to-know-about-trumps-syria-move/,5,4,23,dailysignal.com
https://www.wsj.com/articles/turkeys-erdogan-threatens-eu-with-wave-of-refugees-if-it-doesnt-support-syria-offensive-11570724256,4,4,23,sj.com
https://nationalinterest.org/blog/middle-east-watch/trumps-triumph-america-finally-leaves-syria-86326,4,2,23,nationalinterest.org
https://www.telegraph.co.uk/news/2019/10/10/inside-al-hol-timebomb-isil-prison-camp-threatening-crack-open/,4,2,23,telegraph.co.uk
https://www.nationalreview.com/2019/10/trumps-wise-turkey-policy/,3,3,23,nationalreview.com
https://www.stuff.co.nz/world/americas/116398245/even-donald-trumps-usual-allies-dont-back-his-approach-to-syria-and-turkey,3,3,23,stuff.co.nz
https://www.nytimes.com/2019/10/10/us/politics/trump-syria-turkey.html,2,2,23,nytimes.com
https://mailchi.mp/7c00ee41e157/6gqqtrwavw,1,1,23,mailchi.mp
https://www.ft.com/content/dba7f43a-eb26-11e9-a240-3b065ef5fc55,1,1,23,ft.com
https://www.telegraph.co.uk/news/2019/10/10/boy-12-among-casualties-turkey-intensifies-assault-kurds-northern/,1,1,23,telegraph.co.uk
https://www.timesofisrael.com/europeans-on-un-security-council-demand-turkey-halt-syria-offensive/,1,1,23,timesofisrael.com
https://www.washingtonpost.com/world/middle_east/turkey-rejectstrumps-threats-amid-conflicting-us-signals-over-syria-offensive/2019/10/08/a86d3096-e93a-11e9-a329-7378fbfa1b63_story.html,1,1,23,ashingtonpost.com
https://www.wired.com/story/massive-ai-powered-robots-are-3d-printing-entire-rockets/,40,33,24,ired.com
https://www.spiegel.de/international/germany/far-right-terrorism-in-germany-shooting-exposes-lapses-in-security-apparatus-a-1291075.html,29,24,24,spiegel.de
https://hackaday.com/2019/10/13/prusa-unveils-new-mini-printer-shakes-up-the-competition/,28,28,24,hackaday.com
https://3dprintingindustry.com/news/3d-printing-used-to-test-leonardo-da-vincis-rejected-bridge-design-163447/,20,19,24,3dprintingindustry.com
https://www.armytimes.com/news/your-army/2019/10/04/army-announces-new-push-to-get-3d-printing-advanced-manufacturing-to-troops-in-the-field/,14,10,24,armytimes.com
https://www.nytimes.com/2019/10/11/technology/dental-schools-technology.html,13,12,24,nytimes.com
https://www.ft.com/content/abfcd422-ef3a-11e9-bfa4-b25f11f42901,12,10,24,ft.com
https://news.cornell.edu/stories/2019/10/sabin-installation-microsoft-research-turns-ai-art,11,9,24,news.cornell.edu
https://www.telegraph.co.uk/news/2019/10/10/german-shooter-published-anti-semitic-manifesto-pledging-attack/,10,10,24,telegraph.co.uk
https://www.forbes.com/sites/afdhelaziz/2019/10/17/the-power-of-purpose-how-new-story-is-3d-printing-houses-to-end-global-homelessness/,9,9,24,forbes.com
https://www.independent.co.uk/news/world/europe/3d-gun-print-germany-synagogue-shooting-stephan-balliet-neo-nazi-a9152746.html,9,9,24,independent.co.uk
https://www.irishtimes.com/business/retail-and-services/we-were-probably-forced-to-make-changes-sooner-because-of-brexit-1.4053836,9,8,24,irishtimes.com
https://3dprint.com/256014/3d-printed-occlusal-splint-provides-relief-few-weeks/,6,6,24,3dprint.com
https://www.nytimes.com/2019/10/10/t-magazine/jacolby-satterwhite.html,6,4,24,nytimes.com
https://mailchi.mp/7c00ee41e157/6gqqtrwavw,5,5,24,mailchi.mp
https://venturebeat.com/2019/10/11/trust-ventures-raises-70-million-for-startups-targeting-public-policy-and-social-problems/,4,4,24,venturebeat.com
https://thehill.com/opinion/technology/465370-automation-wont-destroy-trade-it-might-even-boost-it,3,3,24,thehill.com
https://www.anl.gov/article/six-degrees-of-nuclear-separation,3,3,24,anl.gov
https://www.udel.edu/udaily/2019/october/3D-printed-coral-study-damselfish-Danielle-Dixson/,3,3,24,udel.edu
https://www2.lehigh.edu/news/new-biofabrication-method-creates-one-scaffold-to-guide-regeneration-of-multiple-tissues,3,3,24,2.lehigh.edu
https://3dprint.com/255771/childrens-hospital-in-argentina-finally-gets-3d-printed-presurgical-models/,2,2,24,3dprint.com
https://www.japantimes.co.jp/news/2019/10/16/world/science-health-world/artificial-meat-bound-supermarkets-planets/,2,2,24,japantimes.co.jp
https://3dprintingindustry.com/news/equispheres-attains-third-party-aerospace-validation-for-its-3d-printing-powders-163300/,1,1,24,3dprintingindustry.com
https://3dprintingindustry.com/news/nasa-becomes-first-customer-of-hrl-high-strength-aluminum-3d-printing-powder-163530/,1,1,24,3dprintingindustry.com
https://techxplore.com/news/2019-10-walls-architecture-ai-microsoft.html,1,1,24,techxplore.com
https://3dprintingindustry.com/news/mtc-opens-innovation-hub-to-put-uk-on-the-map-for-metal-additive-manufacturing-163488/,0,0,24,3dprintingindustry.com
https://www.irishtimes.com/business/personal-finance/should-investors-be-worried-by-controlled-companies-1.4055193,66,52,25,irishtimes.com
https://www.theatlantic.com/ideas/archive/2019/10/say-goodbye-millennial-urban-lifestyle/599839/,40,37,25,theatlantic.com
https://www.ft.com/content/a96265b0-ef3f-11e9-bfa4-b25f11f42901,31,29,25,ft.com
https://www.afr.com/wealth/people/can-this-tech-unicorn-build-the-uber-of-real-estate-20191006-p52y2u,20,19,25,afr.com
https://www.wsj.com/articles/the-fall-of-wework-how-a-startup-darling-came-unglued-11571946003?mod=hp_lead_pos8,20,18,25,sj.com
https://www.businessinsider.com/wework-uk-financials-show-debt-in-international-unit-2019-10,19,17,25,businessinsider.com
https://www.theatlantic.com/ideas/archive/2019/10/are-we-cusp-next-dot-com-bubble/600232/,17,14,25,theatlantic.com
https://qz.com/1728419/point-72-ventures-is-betting-on-neobank-killers/,16,15,25,qz.com
https://www.forbes.com/sites/roomykhan/2019/10/22/adam-neumann-needs-to-be-held-accountable-is-there-a-case-for-minority-shareholders-and-employees/,13,12,25,forbes.com
https://www.nytimes.com/2019/10/24/business/wework-growth.html,12,10,25,nytimes.com
https://www.bloomberg.com/news/articles/2019-10-22/adam-neumann-era-of-excess-and-eccentricity-is-over-at-wework,11,11,25,bloomberg.com
https://theoutline.com/post/8139/wework-has-real-victims,11,10,25,theoutline.com
https://www.crainsnewyork.com/features/new-yorks-booming-vc-sector-banking-human-centric-startups,10,10,25,crainsnewyork.com
https://www.standard.co.uk/tech/wework-bubble-burst-tech-success-implosion-a4262941.html,9,9,25,standard.co.uk
https://www.reuters.com/article/us-wework-m-a-softbank-group-idUSKBN1X40J4,9,6,25,reuters.com
http://www.theguardian.com/business/2019/oct/15/wework-sack-staff-workers-adam-neumann,7,7,25,theguardian.com
https://www.barrons.com/articles/softbank-stock-has-been-battered-by-wework-its-time-to-give-it-another-look-analyst-says-51571153428,7,7,25,barrons.com
https://www.bloomberg.com/opinion/articles/2019-10-22/wework-saga-is-also-a-cautionary-investment-tale,6,6,25,bloomberg.com
https://www.ft.com/content/0d8308a4-f537-11e9-a79c-bc9acae3b654,6,6,25,ft.com
https://www.businessinsider.com/softbanks-struggling-vision-fund-likely-prompted-wework-bailout-2019-10,6,5,25,businessinsider.com
https://www.profgalloway.com/marginal,5,5,25,profgalloway.com
https://www.cnet.com/features/at-y-combinators-startup-school-its-not-all-tech-cheerleading/,5,4,25,cnet.com
https://mailchi.mp/7c00ee41e157/6gqqtrwavw,2,2,25,mailchi.mp
https://www.nytimes.com/2019/10/24/opinion/clayton-sec-pcaob.html,2,2,25,nytimes.com
https://en.businesstimes.cn/articles/120219/20191014/workspace-solutions-chinese-co-working-equation.htm,0,0,25,en.businesstimes.cn
https://www.vox.com/recode/2019/10/23/20928575/wework-layoffs-all-hands-meeting-recording-marcelo-claure-chairman,0,0,25,vox.com
https://www.newyorker.com/news/dispatch/joshua-wongs-long-campaign-for-the-future-of-hong-kong,19,19,26,newyorker.com
http://www.theguardian.com/world/2019/oct/30/chile-protests-portraits-protesters-sebastian-pinera,19,17,26,theguardian.com
https://www.newstatesman.com/world/asia/2019/10/if-they-don-t-change-we-will-burn-them-meet-youngsters-manning-frontline-hong,19,16,26,newstatesman.com
https://nationalpost.com/pmn/entertainment-pmn/u-s-warns-russian-trolls-stoking-conflict-in-chile,15,15,26,nationalpost.com
https://www.asiatimes.com/2019/10/opinion/beijing-could-be-on-the-verge-of-a-hong-kong-victory/,14,12,26,asiatimes.com
https://www.rand.org/blog/2019/10/how-to-resolve-the-hong-kong-crisis.html,12,10,26,rand.org
https://thediplomat.com/2019/10/the-future-of-hong-kongs-autonomy/,11,10,26,thediplomat.com
https://www.al-monitor.com/pulse/originals/2019/10/lebanon-protests-prime-minister-resigns-economic-crisis.html,10,9,26,al-monitor.com
https://www.theatlantic.com/international/archive/2019/10/hong-kong-protests-edward-leung/601015/,10,9,26,theatlantic.com
https://www.scmp.com/news/hong-kong/politics/article/3033770/there-silent-majority-hong-kong-yearning-speak-out,9,9,26,scmp.com
https://novaramedia.com/2019/10/24/catalonia-alone-lessons-from-the-contradictions-of-the-independence-movement/,9,8,26,novaramedia.com
https://www.haaretz.com/middle-east-news/iran/anti-government-protests-in-iraq-and-lebanon-threatening-iran-s-regional-influence-1.8059140,8,8,26,haaretz.com
http://www.theguardian.com/world/2019/oct/29/iraqi-protesters-demonstrations-month-of-violence,6,6,26,theguardian.com
https://www.evrensel.net/daily/389967/hope-and-chaos-in-beirut?a=5d633,6,6,26,evrensel.net
https://www.opendemocracy.net/en/north-africa-west-asia/lebanons-october-revolution-must-go-on/,6,6,26,opendemocracy.net
https://www.irishtimes.com/news/world/europe/catalan-s-independence-project-struggles-to-establish-clear-roadmap-1.4055428,6,5,26,irishtimes.com
https://www.al-monitor.com/pulse/originals/2019/10/women-stand-strong-on-the-frontlines-of-lebanons-protests.html,6,4,26,al-monitor.com
https://www.cnn.com/2019/10/26/asia/hong-kong-destruction-support-intl-hnk/index.html,6,4,26,cnn.com
http://www.middleeasteye.net/news/protests-rage-hezbollahs-heartland-south-lebanon-despite-intimidation,4,4,26,middleeasteye.net
https://theglobepost.com/2019/10/21/chile-social-unrest/,4,4,26,theglobepost.com
https://www.straitstimes.com/asia/east-asia/china-hints-at-enforcement-mechanism-to-protect-hong-kong,4,4,26,straitstimes.com
https://nationalinterest.org/feature/lebanese-prime-minister-resigns-amidst-countrywide-protests-92006,4,3,26,nationalinterest.org
https://mailchi.mp/7c00ee41e157/6gqqtrwavw,2,2,26,mailchi.mp
https://www.counterpunch.org/2019/10/22/pro-democracy-movement-in-haiti-swells-despite-police-violence/,2,2,26,counterpunch.org
https://www.nytimes.com/2019/10/23/world/middleeast/lebanon-protests.html,2,2,26,nytimes.com
https://www.scmp.com/news/hong-kong/politics/article/3033945/hong-kong-protests-chaos-returns-streets-yuen-long-riot,2,2,26,scmp.com
https://observer.com/2019/11/bad-actors-artificial-intelligence-disinformation-campaigns/,44,38,27,observer.com
https://www.thedrum.com/opinion/2019/10/31/fake-news-who-decides-what-counts-real-anyway,23,18,27,thedrum.com
https://www.cnet.com/features/inside-the-dystopian-nightmare-of-an-internet-shutdown/,15,11,27,cnet.com
https://popular.info/p/facebook-allows-prominent-right-wing,14,14,27,popular.info
https://www.washingtonpost.com/news/powerpost/paloma/the-technology-202/2019/11/01/the-technology-202-here-s-why-twitter-may-have-trouble-enforcing-its-own-political-ads-ban/5dbb1270602ff10cf14f98e2/,11,11,27,ashingtonpost.com
https://www.deepnews.ai/#contact,11,9,27,deepnews.ai
https://techcrunch.com/2019/11/02/twitters-political-ads-ban-is-a-distraction-from-the-real-problem-with-platforms/,10,10,27,techcrunch.com
https://www.socialmediatoday.com/news/facebook-wont-stop-lies-in-political-ads-heres-what-it-should-do-instea/566127/,9,8,27,socialmediatoday.com
https://firstdraftnews.org/latest/verifying-online-information-the-absolute-essentials/,8,8,27,firstdraftnews.org
https://www.afr.com/technology/why-regulators-should-stand-in-the-way-of-tech-innovation-20191020-p532ig,8,8,27,afr.com
https://www.cnn.com/2019/11/01/health/facebook-harassment-eprise/index.html,7,6,27,cnn.com
https://www.politico.eu/article/uk-general-election-facebook-misinformation-boris-johnson-interference-russia/,6,6,27,politico.eu
https://www.theringer.com/2019/11/6/20950198/mark-zuckerberg-jack-dorsey-facebook-twitter-congress,6,6,27,theringer.com
https://www.theglobeandmail.com/world/article-in-pakistan-vaccine-workers-have-three-diseases-to-fight-polio/,6,4,27,theglobeandmail.com
https://badgerherald.com/features/2019/10/29/algorithms-gone-awry-impact-of-inappropriate-data-use/,5,5,27,badgerherald.com
https://codastory.com/disinformation/disinformation-veterans-election/,5,5,27,codastory.com
https://shorensteincenter.org/countering-underinvestment-in-prevention-by-platform-companies/,4,3,27,shorensteincenter.org
https://www.cnbc.com/2019/11/04/reuters-america-insight-measles-and-mistrust-in-ukraine-weaken-worlds-defenses.html,3,3,27,cnbc.com
https://www.techradar.com/news/can-facebook-ever-be-kept-safe-without-hurting-staff,2,2,27,techradar.com
https://www.thenation.com/article/twitter-facebook-political-advertising/,2,2,27,thenation.com
https://www.washingtonexaminer.com/opinion/op-eds/behind-irans-game-of-disinformation,2,2,27,ashingtonexaminer.com
https://mashable.com/article/exxon-climate-trial-google-ads/,2,1,27,mashable.com
https://www.marketbeat.com/articles/twitter-bans-political-ads-ahead-of-2020-election-2019-10-30/,1,1,27,marketbeat.com
https://www.nytimes.com/interactive/2019/11/01/opinion/democrats-2020-election-online.html,1,1,27,nytimes.com
https://mailchi.mp/7c00ee41e157/6gqqtrwavw,0,0,27,mailchi.mp
https://www.cnet.com/news/twitter-ceases-all-political-advertising/,0,0,27,cnet.com
https://www.washingtonpost.com/news/powerpost/paloma/the-technology-202/2019/10/31/the-technology-202-twitter-placed-the-political-ad-ball-in-facebook-s-court/5db9dcc688e0fa5ad928dbba/,0,0,27,ashingtonpost.com
https://www.nytimes.com/2019/11/10/business/media/Disney-Plus-streaming.html,30,30,28,nytimes.com
https://medium.com/@gutjahr/lost-in-subscription-28654f2d48d9,28,22,28,medium.com
https://www.newyorker.com/culture/cultural-comment/martin-scorsese-avenges-the-auteur,26,26,28,newyorker.com
https://www.vox.com/2019/11/8/20950451/martin-scorsese-marvel-movies-cinema-feige,15,14,28,vox.com
https://reason.com/2019/11/07/nobody-knows-what-television-is-anymore/,13,8,28,reason.com
https://www.cnn.com/2019/11/12/perspectives/disney-streaming-service/index.html,9,8,28,cnn.com
https://www.afr.com/companies/media-and-marketing/the-empire-strikes-back-20191026-p534fu,8,8,28,afr.com
https://www.telegraph.co.uk/tv/0/netflix-cant-afford-chill/,8,8,28,telegraph.co.uk
https://www.vox.com/2019/11/8/20955451/disney-apple-hbo-peacock-streaming-today-explained,8,5,28,vox.com
https://gizmodo.com/everything-to-know-about-disney-1839773095,7,7,28,gizmodo.com
https://venturebeat.com/2019/11/07/investors-are-missing-the-point-on-roku/,6,6,28,venturebeat.com
https://digiday.com/marketing/missing-big-audience-walmarts-streaming-video-play-vudu-struggled-win-advertisers/,6,5,28,digiday.com
https://medium.com/@Lucas_Shaw/hollywood-torrent-netflixs-politics-problem-bob-iger-s-gamble-d8822e9eb3bd,5,5,28,medium.com
https://www.hollywoodreporter.com/news/streaming-tvs-ratings-black-box-could-lead-hollywood-guild-war-1254321,4,4,28,hollywoodreporter.com
https://www.thedrum.com/news/2019/11/12/were-not-trying-emulate-netflix-britboxs-plan-find-its-place-among-streaming,4,4,28,thedrum.com
https://www.theringer.com/movies/2019/11/13/20961951/mcu-tv-shows-disney-plus-phase-four,4,4,28,theringer.com
https://adage.com/article/media/pay-tv-bundle-unravels-advertisers-should-stick-sports/2214956,3,3,28,adage.com
https://www.cnn.com/2019/11/11/media/disney-launch/index.html,3,3,28,cnn.com
https://www.theringer.com/tv/2019/11/12/20960284/disney-plus-streaming-site-preview,3,3,28,theringer.com
https://variety.com/2019/biz/features/wga-dga-sag-aftra-contract-negotiations-streaming-netflix-disney-plus-1203400876/,2,2,28,variety.com
https://www.hollywoodreporter.com/news/verizon-cfo-touts-disney-deal-1254436,2,2,28,hollywoodreporter.com
https://www.thedrum.com/news/2019/11/13/most-brits-wont-pay-more-20-month-tv-streaming-are-ads-the-solution,2,2,28,thedrum.com
https://mailchi.mp/7c00ee41e157/6gqqtrwavw,1,1,28,mailchi.mp
https://www.adexchanger.com/tv-2/disney-beats-earnings-estimates-on-the-cusp-of-streaming-launch/,1,1,28,adexchanger.com
https://www.bloomberg.com/news/features/2019-11-07/inside-disney-bob-iger-on-star-wars-pixar-and-more,1,1,28,bloomberg.com
https://www.thestreet.com/technology/roku-plunges-cfo-advises-looking-past-noise-15158142,1,1,28,thestreet.com
